﻿{"cameraMode":{"drawMode":0,"name":"Shaded","section":"Shading Mode"},"sceneLighting":true,"audioPlay":false,"sceneViewState":{"showFog":true,"showMaterialUpdate":false,"showSkybox":true,"showFlares":true,"showImageEffects":true,"showParticleSystems":true},"in2DMode":false,"pivot":{"x":-1.5838658809661866,"y":0.2632315158843994,"z":-1.4715039730072022},"rotation":{"x":-0.21092262864112855,"y":0.4779316186904907,"z":-0.11939716339111328,"w":-0.844296932220459},"size":7.1929497718811039,"orthographic":false}